sexe,credit
femme,rembourse
homme,non rembourse
homme,non rembourse
homme,non rembourse
homme,non rembourse
femme,non rembourse
femme,non rembourse
femme,non rembourse
homme,non rembourse
femme,non rembourse
homme,non rembourse
femme,rembourse
homme,non rembourse
femme,non rembourse
homme,rembourse
homme,non rembourse
femme,non rembourse
homme,non rembourse
homme,non rembourse
homme,rembourse
femme,non rembourse
femme,non rembourse
homme,non rembourse
femme,rembourse
homme,non rembourse
femme,non rembourse
femme,non rembourse
femme,non rembourse
homme,non rembourse
homme,rembourse
homme,rembourse
femme,non rembourse
femme,non rembourse
homme,non rembourse
homme,rembourse
homme,non rembourse
femme,non rembourse
homme,non rembourse
homme,rembourse
homme,rembourse
femme,non rembourse
femme,non rembourse
homme,non rembourse
femme,non rembourse
homme,non rembourse
homme,non rembourse
femme,non rembourse
femme,non rembourse
femme,non rembourse
homme,rembourse
femme,non rembourse
femme,non rembourse
homme,rembourse
homme,rembourse
femme,non rembourse
homme,rembourse
femme,non rembourse
homme,rembourse
femme,rembourse
femme,non rembourse
homme,non rembourse
homme,non rembourse
homme,non rembourse
femme,non rembourse
femme,rembourse
femme,non rembourse
femme,non rembourse
homme,non rembourse
femme,non rembourse
homme,rembourse
femme,rembourse
homme,non rembourse
femme,non rembourse
homme,non rembourse
homme,non rembourse
homme,non rembourse
femme,non rembourse
homme,non rembourse
femme,non rembourse
femme,non rembourse
homme,non rembourse
femme,non rembourse
homme,rembourse
femme,non rembourse
femme,rembourse
homme,rembourse
femme,rembourse
femme,non rembourse
femme,non rembourse
femme,non rembourse
femme,non rembourse
femme,non rembourse
homme,rembourse
homme,non rembourse
femme,rembourse
femme,non rembourse
femme,non rembourse
homme,non rembourse
homme,rembourse
homme,rembourse
femme,non rembourse
homme,non rembourse
femme,non rembourse
femme,rembourse
femme,non rembourse
homme,rembourse
femme,non rembourse
homme,non rembourse
homme,non rembourse
homme,rembourse
homme,non rembourse
femme,non rembourse
homme,non rembourse
femme,non rembourse
homme,non rembourse
homme,non rembourse
homme,non rembourse
femme,rembourse
femme,non rembourse
femme,non rembourse
homme,non rembourse
homme,non rembourse
femme,non rembourse
homme,rembourse
femme,non rembourse
femme,non rembourse
femme,rembourse
femme,non rembourse
femme,rembourse
homme,non rembourse
femme,non rembourse
femme,non rembourse
femme,non rembourse
homme,non rembourse
femme,non rembourse
femme,non rembourse
homme,non rembourse
homme,non rembourse
femme,non rembourse
femme,non rembourse
homme,non rembourse
homme,non rembourse
homme,rembourse
homme,non rembourse
homme,rembourse
femme,non rembourse
homme,rembourse
femme,non rembourse
femme,non rembourse
homme,non rembourse
homme,non rembourse
homme,non rembourse
femme,non rembourse
femme,rembourse
femme,non rembourse
homme,non rembourse
homme,rembourse
homme,rembourse
homme,rembourse
femme,non rembourse
femme,rembourse
femme,rembourse
homme,non rembourse
femme,non rembourse
homme,non rembourse
homme,non rembourse
femme,non rembourse
femme,non rembourse
femme,non rembourse
homme,non rembourse
homme,non rembourse
homme,non rembourse
homme,non rembourse
femme,non rembourse
femme,non rembourse
femme,rembourse
homme,non rembourse
homme,non rembourse
femme,non rembourse
femme,non rembourse
homme,non rembourse
femme,non rembourse
homme,non rembourse
femme,non rembourse
homme,non rembourse
homme,rembourse
femme,non rembourse
femme,non rembourse
femme,non rembourse
femme,non rembourse
homme,non rembourse
femme,non rembourse
homme,non rembourse
femme,non rembourse
homme,non rembourse
homme,non rembourse
femme,non rembourse
femme,non rembourse
femme,non rembourse
femme,non rembourse
femme,non rembourse
femme,non rembourse
femme,non rembourse
femme,rembourse
homme,non rembourse
femme,non rembourse
homme,non rembourse
homme,rembourse
femme,non rembourse
homme,non rembourse
homme,non rembourse
homme,non rembourse
homme,non rembourse
femme,non rembourse
femme,non rembourse
femme,non rembourse
femme,non rembourse
homme,non rembourse
femme,non rembourse
femme,non rembourse
femme,non rembourse
femme,non rembourse
homme,non rembourse
homme,rembourse
homme,rembourse
homme,non rembourse
homme,non rembourse
femme,non rembourse
femme,non rembourse
homme,non rembourse
femme,non rembourse
femme,non rembourse
femme,non rembourse
homme,non rembourse
homme,non rembourse
femme,rembourse
femme,non rembourse
homme,non rembourse
homme,rembourse
homme,non rembourse
femme,rembourse
femme,non rembourse
femme,non rembourse
homme,non rembourse
femme,rembourse
homme,non rembourse
femme,non rembourse
homme,non rembourse
homme,non rembourse
homme,non rembourse
homme,rembourse
femme,rembourse
homme,rembourse
homme,non rembourse
homme,rembourse
femme,non rembourse
homme,rembourse
femme,non rembourse
homme,non rembourse
homme,rembourse
femme,non rembourse
femme,rembourse
homme,rembourse
homme,rembourse
femme,non rembourse
homme,rembourse
homme,rembourse
femme,non rembourse
homme,non rembourse
homme,non rembourse
homme,non rembourse
homme,rembourse
homme,non rembourse
homme,non rembourse
homme,non rembourse
femme,non rembourse
homme,non rembourse
femme,non rembourse
homme,non rembourse
femme,non rembourse
femme,rembourse
homme,rembourse
homme,non rembourse
femme,non rembourse
femme,non rembourse
homme,non rembourse
femme,non rembourse
femme,non rembourse
femme,rembourse
homme,non rembourse
femme,non rembourse
homme,non rembourse
homme,rembourse
femme,non rembourse
homme,non rembourse
homme,non rembourse
homme,rembourse
homme,rembourse
homme,rembourse
femme,non rembourse
homme,non rembourse
femme,rembourse
femme,non rembourse
femme,non rembourse
femme,non rembourse
homme,non rembourse
femme,non rembourse
femme,non rembourse
homme,non rembourse
femme,non rembourse
homme,non rembourse
femme,non rembourse
homme,rembourse
homme,non rembourse
femme,rembourse
homme,non rembourse
homme,non rembourse
homme,non rembourse
femme,non rembourse
homme,non rembourse
homme,non rembourse
femme,non rembourse
homme,rembourse
homme,non rembourse
homme,non rembourse
homme,non rembourse
femme,non rembourse
homme,rembourse
femme,rembourse
homme,non rembourse
femme,rembourse
homme,rembourse
femme,non rembourse
femme,non rembourse
femme,non rembourse
homme,non rembourse
homme,non rembourse
homme,non rembourse
homme,rembourse
femme,non rembourse
femme,non rembourse
homme,non rembourse
femme,non rembourse
homme,non rembourse
femme,non rembourse
femme,non rembourse
homme,non rembourse
homme,non rembourse
femme,non rembourse
homme,non rembourse
femme,non rembourse
femme,non rembourse
femme,non rembourse
homme,non rembourse
femme,non rembourse
homme,non rembourse
homme,non rembourse
homme,non rembourse
homme,non rembourse
femme,non rembourse
femme,non rembourse
homme,non rembourse
femme,rembourse
femme,non rembourse
femme,non rembourse
femme,non rembourse
femme,non rembourse
femme,non rembourse
homme,non rembourse
homme,non rembourse
femme,non rembourse
femme,non rembourse
femme,non rembourse
homme,rembourse
homme,non rembourse
femme,rembourse
femme,rembourse
homme,rembourse
femme,non rembourse
homme,non rembourse
femme,rembourse
homme,rembourse
homme,non rembourse
femme,non rembourse
homme,non rembourse
homme,non rembourse
femme,non rembourse
homme,non rembourse
femme,non rembourse
femme,non rembourse
homme,non rembourse
femme,non rembourse
homme,non rembourse
homme,non rembourse
femme,non rembourse
homme,non rembourse
femme,non rembourse
homme,non rembourse
homme,non rembourse
femme,non rembourse
femme,non rembourse
homme,non rembourse
femme,non rembourse
homme,non rembourse
homme,non rembourse
femme,non rembourse
femme,non rembourse
femme,non rembourse
homme,non rembourse
homme,non rembourse
homme,non rembourse
femme,rembourse
femme,rembourse
homme,non rembourse
femme,non rembourse
femme,non rembourse
homme,non rembourse
femme,rembourse
homme,non rembourse
femme,rembourse
homme,rembourse
homme,rembourse
homme,rembourse
homme,non rembourse
homme,non rembourse
homme,non rembourse
femme,non rembourse
femme,non rembourse
femme,non rembourse
femme,non rembourse
homme,non rembourse
femme,non rembourse
homme,non rembourse
femme,non rembourse
homme,non rembourse
homme,non rembourse
homme,non rembourse
homme,non rembourse
femme,non rembourse
homme,non rembourse
femme,non rembourse
femme,rembourse
homme,non rembourse
femme,non rembourse
homme,rembourse
femme,non rembourse
homme,non rembourse
femme,non rembourse
femme,non rembourse
homme,non rembourse
homme,non rembourse
homme,non rembourse
homme,non rembourse
homme,non rembourse
homme,non rembourse
homme,non rembourse
femme,non rembourse
femme,non rembourse
homme,non rembourse
femme,non rembourse
femme,non rembourse
homme,rembourse
femme,non rembourse
homme,non rembourse
homme,non rembourse
femme,rembourse
femme,non rembourse
femme,non rembourse
femme,non rembourse
femme,non rembourse
homme,non rembourse
femme,non rembourse
femme,non rembourse
femme,non rembourse
homme,rembourse
homme,rembourse
homme,rembourse
homme,non rembourse
homme,non rembourse
homme,non rembourse
homme,non rembourse
homme,non rembourse
femme,non rembourse
femme,non rembourse
homme,non rembourse
femme,non rembourse
femme,non rembourse
homme,non rembourse
femme,rembourse
homme,non rembourse
femme,non rembourse
femme,non rembourse
femme,non rembourse
homme,non rembourse
homme,rembourse
homme,non rembourse
femme,non rembourse
homme,non rembourse
femme,non rembourse
femme,non rembourse
homme,rembourse
homme,non rembourse
homme,rembourse
homme,rembourse
femme,non rembourse
homme,non rembourse
homme,non rembourse
homme,non rembourse
femme,non rembourse
femme,non rembourse
homme,non rembourse
homme,non rembourse
homme,non rembourse
homme,non rembourse
homme,rembourse
homme,non rembourse
homme,non rembourse
homme,non rembourse
femme,non rembourse
homme,non rembourse
femme,non rembourse
femme,non rembourse
femme,non rembourse
femme,non rembourse
homme,rembourse
femme,non rembourse
femme,non rembourse
femme,non rembourse
homme,non rembourse
homme,non rembourse
homme,rembourse
femme,non rembourse
homme,non rembourse
homme,non rembourse
homme,non rembourse
homme,non rembourse
femme,non rembourse
femme,non rembourse
femme,non rembourse
homme,non rembourse
femme,non rembourse
femme,non rembourse
femme,non rembourse
femme,rembourse
homme,non rembourse
homme,rembourse
homme,non rembourse
femme,non rembourse
femme,non rembourse
femme,rembourse
homme,non rembourse
femme,non rembourse
homme,non rembourse
femme,non rembourse
femme,non rembourse
homme,non rembourse
homme,non rembourse
homme,non rembourse
femme,rembourse
homme,non rembourse
femme,non rembourse
femme,non rembourse
homme,non rembourse
homme,non rembourse
femme,non rembourse
femme,non rembourse
femme,non rembourse
homme,non rembourse
femme,non rembourse
homme,rembourse
femme,non rembourse
femme,non rembourse
femme,non rembourse
femme,non rembourse
femme,non rembourse
femme,non rembourse
homme,non rembourse
femme,rembourse
homme,non rembourse
femme,non rembourse
homme,non rembourse
homme,non rembourse
homme,non rembourse
femme,non rembourse
homme,non rembourse
femme,non rembourse
homme,non rembourse
femme,rembourse
femme,non rembourse
femme,non rembourse
femme,non rembourse
homme,non rembourse
homme,non rembourse
femme,rembourse
homme,non rembourse
femme,non rembourse
femme,non rembourse
femme,non rembourse
homme,non rembourse
femme,non rembourse
femme,non rembourse
homme,non rembourse
femme,non rembourse
femme,non rembourse
femme,rembourse
femme,non rembourse
femme,non rembourse
femme,rembourse
homme,non rembourse
homme,rembourse
femme,non rembourse
femme,non rembourse
femme,non rembourse
femme,non rembourse
femme,non rembourse
femme,rembourse
femme,non rembourse
homme,rembourse
femme,rembourse
femme,non rembourse
homme,non rembourse
homme,rembourse
femme,non rembourse
homme,rembourse
homme,non rembourse
femme,non rembourse
homme,non rembourse
homme,non rembourse
homme,non rembourse
femme,rembourse
homme,non rembourse
homme,non rembourse
femme,non rembourse
homme,non rembourse
homme,non rembourse
homme,non rembourse
femme,non rembourse
femme,non rembourse
homme,rembourse
homme,non rembourse
homme,non rembourse
homme,rembourse
homme,non rembourse
femme,non rembourse
homme,non rembourse
homme,non rembourse
homme,non rembourse
femme,non rembourse
homme,non rembourse
femme,non rembourse
femme,non rembourse
femme,non rembourse
femme,non rembourse
femme,non rembourse
femme,non rembourse
femme,rembourse
femme,non rembourse
homme,non rembourse
femme,non rembourse
femme,non rembourse
homme,non rembourse
femme,non rembourse
femme,non rembourse
homme,non rembourse
femme,rembourse
homme,rembourse
homme,non rembourse
femme,rembourse
homme,rembourse
femme,non rembourse
homme,non rembourse
femme,non rembourse
homme,non rembourse
femme,non rembourse
femme,rembourse
homme,non rembourse
femme,non rembourse
homme,rembourse
homme,non rembourse
femme,non rembourse
femme,non rembourse
homme,non rembourse
homme,rembourse
homme,non rembourse
femme,non rembourse
homme,non rembourse
homme,non rembourse
homme,non rembourse
femme,non rembourse
homme,rembourse
homme,non rembourse
homme,non rembourse
homme,non rembourse
homme,non rembourse
femme,non rembourse
femme,non rembourse
femme,non rembourse
homme,rembourse
homme,non rembourse
femme,non rembourse
femme,non rembourse
femme,non rembourse
homme,non rembourse
femme,non rembourse
femme,non rembourse
femme,non rembourse
femme,rembourse
homme,non rembourse
femme,non rembourse
femme,non rembourse
homme,non rembourse
femme,non rembourse
femme,non rembourse
homme,non rembourse
femme,non rembourse
homme,non rembourse
femme,non rembourse
homme,non rembourse
femme,non rembourse
femme,non rembourse
femme,non rembourse
homme,non rembourse
homme,non rembourse
homme,non rembourse
femme,non rembourse
femme,rembourse
homme,non rembourse
femme,rembourse
femme,non rembourse
femme,non rembourse
homme,rembourse
homme,non rembourse
femme,non rembourse
femme,non rembourse
femme,non rembourse
femme,non rembourse
femme,rembourse
homme,non rembourse
homme,rembourse
homme,rembourse
homme,non rembourse
homme,rembourse
homme,rembourse
femme,non rembourse
homme,non rembourse
femme,non rembourse
homme,non rembourse
homme,non rembourse
femme,non rembourse
homme,non rembourse
femme,rembourse
homme,non rembourse
homme,non rembourse
femme,non rembourse
homme,non rembourse
homme,non rembourse
femme,non rembourse
femme,rembourse
homme,non rembourse
homme,rembourse
femme,non rembourse
homme,non rembourse
homme,rembourse
homme,non rembourse
femme,non rembourse
femme,non rembourse
homme,non rembourse
femme,non rembourse
femme,non rembourse
femme,non rembourse
homme,non rembourse
femme,non rembourse
femme,non rembourse
femme,rembourse
homme,non rembourse
homme,non rembourse
homme,non rembourse
homme,non rembourse
homme,non rembourse
homme,non rembourse
homme,rembourse
homme,non rembourse
homme,non rembourse
femme,rembourse
femme,non rembourse
femme,non rembourse
homme,non rembourse
homme,non rembourse
homme,non rembourse
femme,non rembourse
femme,non rembourse
homme,non rembourse
femme,non rembourse
homme,rembourse
femme,non rembourse
homme,rembourse
homme,non rembourse
femme,non rembourse
femme,non rembourse
homme,rembourse
femme,non rembourse
femme,non rembourse
homme,non rembourse
femme,rembourse
homme,non rembourse
femme,non rembourse
femme,non rembourse
femme,non rembourse
homme,non rembourse
homme,non rembourse
femme,non rembourse
femme,non rembourse
homme,non rembourse
homme,non rembourse
homme,non rembourse
femme,non rembourse
femme,non rembourse
homme,non rembourse
femme,rembourse
femme,rembourse
homme,non rembourse
homme,non rembourse
femme,non rembourse
femme,non rembourse
homme,non rembourse
femme,non rembourse
homme,rembourse
homme,rembourse
homme,rembourse
homme,non rembourse
homme,non rembourse
femme,non rembourse
femme,non rembourse
homme,non rembourse
homme,non rembourse
homme,non rembourse
homme,non rembourse
femme,non rembourse
femme,non rembourse
femme,non rembourse
homme,non rembourse
homme,non rembourse
femme,rembourse
femme,rembourse
homme,non rembourse
femme,rembourse
femme,non rembourse
homme,non rembourse
femme,non rembourse
homme,non rembourse
femme,rembourse
homme,non rembourse
femme,rembourse
femme,non rembourse
femme,rembourse
femme,non rembourse
femme,rembourse
homme,rembourse
femme,non rembourse
homme,non rembourse
femme,rembourse
femme,non rembourse
femme,non rembourse
femme,non rembourse
homme,non rembourse
homme,non rembourse
homme,non rembourse
homme,non rembourse
homme,non rembourse
femme,non rembourse
homme,non rembourse
femme,non rembourse
homme,non rembourse
homme,non rembourse
homme,non rembourse
femme,non rembourse
femme,non rembourse
homme,non rembourse
homme,non rembourse
femme,non rembourse
homme,non rembourse
homme,non rembourse
femme,non rembourse
femme,rembourse
homme,non rembourse
homme,rembourse
homme,rembourse
femme,non rembourse
homme,non rembourse
homme,non rembourse
femme,rembourse
femme,non rembourse
homme,non rembourse
homme,rembourse
homme,non rembourse
femme,non rembourse
femme,rembourse
homme,non rembourse
femme,non rembourse
femme,non rembourse
homme,non rembourse
homme,rembourse
homme,non rembourse
homme,non rembourse
femme,non rembourse
femme,non rembourse
homme,non rembourse
femme,non rembourse
homme,non rembourse
femme,rembourse
homme,non rembourse
homme,rembourse
femme,non rembourse
femme,non rembourse
homme,non rembourse
femme,non rembourse
femme,rembourse
homme,rembourse
femme,non rembourse
femme,non rembourse
femme,non rembourse
femme,non rembourse
homme,non rembourse
homme,non rembourse
homme,non rembourse
homme,non rembourse
femme,non rembourse
femme,non rembourse
femme,non rembourse
homme,non rembourse
homme,non rembourse
femme,non rembourse
homme,non rembourse
femme,non rembourse
homme,non rembourse
femme,non rembourse
homme,non rembourse
femme,non rembourse
homme,non rembourse
homme,non rembourse
homme,non rembourse
femme,non rembourse
femme,non rembourse
homme,non rembourse
homme,non rembourse
femme,non rembourse
homme,non rembourse
homme,rembourse
homme,non rembourse
homme,rembourse
homme,non rembourse
homme,rembourse
femme,non rembourse
homme,rembourse
homme,rembourse
homme,non rembourse
homme,rembourse
homme,non rembourse
homme,rembourse
homme,non rembourse
femme,non rembourse
femme,non rembourse
femme,non rembourse
homme,non rembourse
homme,non rembourse
homme,non rembourse
homme,rembourse
homme,non rembourse
homme,non rembourse
femme,non rembourse
femme,non rembourse
femme,non rembourse
femme,non rembourse
femme,non rembourse
homme,non rembourse
homme,rembourse
homme,non rembourse
homme,non rembourse
femme,non rembourse
femme,non rembourse
homme,non rembourse
homme,non rembourse
homme,rembourse
femme,non rembourse
homme,non rembourse
femme,non rembourse
homme,non rembourse
femme,non rembourse
homme,non rembourse
femme,rembourse
femme,non rembourse
femme,non rembourse
femme,non rembourse
homme,non rembourse
femme,rembourse
femme,non rembourse
femme,non rembourse
femme,non rembourse
femme,non rembourse
femme,non rembourse
homme,rembourse
homme,rembourse
homme,non rembourse
homme,non rembourse
homme,non rembourse
homme,non rembourse
homme,non rembourse
homme,rembourse
homme,non rembourse
homme,non rembourse
femme,non rembourse
homme,rembourse
femme,non rembourse
homme,non rembourse
femme,non rembourse
homme,non rembourse
femme,non rembourse
femme,non rembourse
femme,non rembourse
femme,non rembourse
homme,non rembourse
femme,rembourse
homme,rembourse
homme,non rembourse
femme,non rembourse
femme,non rembourse
homme,rembourse
homme,non rembourse
homme,non rembourse
femme,non rembourse
femme,rembourse
femme,rembourse
femme,non rembourse
homme,rembourse
homme,non rembourse
femme,non rembourse
homme,rembourse
femme,rembourse
homme,non rembourse
homme,non rembourse
femme,rembourse
homme,non rembourse
homme,rembourse
femme,non rembourse
homme,non rembourse
femme,rembourse
femme,non rembourse
homme,rembourse
femme,non rembourse
homme,rembourse
femme,non rembourse
homme,non rembourse
homme,non rembourse
homme,rembourse
femme,non rembourse
homme,non rembourse
femme,non rembourse
femme,non rembourse
femme,non rembourse
homme,non rembourse
homme,non rembourse
homme,non rembourse
homme,rembourse
homme,non rembourse
femme,non rembourse
femme,non rembourse
homme,non rembourse
homme,non rembourse
homme,non rembourse
femme,non rembourse
homme,rembourse
homme,non rembourse
homme,non rembourse
femme,non rembourse
femme,non rembourse
femme,non rembourse
femme,non rembourse
homme,non rembourse
homme,rembourse
homme,non rembourse
homme,non rembourse
homme,non rembourse
homme,non rembourse
homme,non rembourse
femme,non rembourse
femme,rembourse
homme,non rembourse
homme,non rembourse
homme,non rembourse
homme,non rembourse
homme,rembourse
femme,non rembourse
homme,non rembourse
femme,rembourse
femme,non rembourse
femme,non rembourse
femme,rembourse
homme,non rembourse
femme,non rembourse
femme,non rembourse
femme,rembourse
homme,non rembourse
homme,non rembourse
homme,non rembourse
homme,non rembourse
femme,non rembourse
femme,non rembourse
femme,non rembourse
homme,non rembourse
homme,non rembourse
femme,non rembourse
homme,rembourse
femme,rembourse
femme,non rembourse
homme,non rembourse
homme,non rembourse
homme,non rembourse
homme,rembourse
homme,rembourse
femme,non rembourse
femme,rembourse
homme,non rembourse
femme,rembourse
femme,non rembourse
femme,rembourse
femme,non rembourse
homme,non rembourse
femme,non rembourse
homme,non rembourse
femme,non rembourse
femme,non rembourse
homme,non rembourse
homme,non rembourse
femme,non rembourse
homme,non rembourse
femme,non rembourse
femme,non rembourse
femme,non rembourse
homme,non rembourse
femme,rembourse
homme,non rembourse
femme,non rembourse
femme,non rembourse
homme,non rembourse
homme,non rembourse
homme,non rembourse
homme,rembourse
femme,non rembourse
homme,non rembourse
homme,non rembourse
femme,non rembourse
femme,non rembourse
femme,rembourse
femme,non rembourse
femme,non rembourse
femme,non rembourse
homme,rembourse
femme,non rembourse
femme,non rembourse
femme,non rembourse
femme,non rembourse
homme,non rembourse
homme,non rembourse
femme,non rembourse
femme,non rembourse
femme,non rembourse
homme,non rembourse
femme,non rembourse
homme,non rembourse
femme,non rembourse
homme,rembourse
femme,rembourse
femme,non rembourse
homme,non rembourse
homme,non rembourse
femme,non rembourse
femme,rembourse
femme,non rembourse
femme,non rembourse
homme,rembourse
femme,non rembourse
femme,non rembourse
femme,non rembourse
femme,non rembourse
femme,rembourse
homme,non rembourse
homme,rembourse
femme,non rembourse
femme,rembourse
femme,non rembourse
femme,non rembourse
femme,non rembourse
femme,non rembourse
femme,non rembourse
femme,non rembourse
femme,non rembourse
femme,rembourse
homme,non rembourse
homme,non rembourse
femme,non rembourse
homme,non rembourse
homme,non rembourse
homme,non rembourse
homme,non rembourse
femme,rembourse
homme,non rembourse
femme,non rembourse
homme,rembourse
femme,rembourse
homme,non rembourse
homme,non rembourse
homme,non rembourse
homme,non rembourse
femme,non rembourse
femme,non rembourse
homme,non rembourse
homme,non rembourse
homme,non rembourse
femme,rembourse
femme,non rembourse
femme,non rembourse
homme,non rembourse
homme,non rembourse
femme,rembourse
homme,non rembourse
femme,non rembourse
homme,non rembourse
homme,non rembourse
homme,non rembourse
homme,non rembourse
homme,rembourse
femme,rembourse
femme,non rembourse
homme,non rembourse
femme,non rembourse
homme,non rembourse
femme,non rembourse
femme,non rembourse
homme,non rembourse
femme,non rembourse
homme,rembourse
homme,rembourse
femme,non rembourse
femme,non rembourse
homme,non rembourse
homme,non rembourse
femme,non rembourse
homme,non rembourse
femme,non rembourse
homme,rembourse
homme,rembourse
homme,non rembourse
homme,rembourse
femme,non rembourse
femme,non rembourse
femme,non rembourse
femme,non rembourse
femme,non rembourse
homme,non rembourse
femme,non rembourse
femme,non rembourse
homme,non rembourse
femme,non rembourse
femme,non rembourse
femme,non rembourse
homme,rembourse
femme,non rembourse
homme,rembourse
femme,non rembourse
homme,non rembourse
homme,non rembourse
femme,non rembourse
homme,non rembourse
homme,non rembourse
homme,rembourse
homme,non rembourse
femme,non rembourse
femme,non rembourse
homme,rembourse
femme,non rembourse
femme,non rembourse
femme,rembourse
femme,rembourse
homme,non rembourse
homme,rembourse
femme,non rembourse
femme,non rembourse
femme,non rembourse
homme,rembourse
homme,non rembourse
femme,non rembourse
homme,rembourse
homme,non rembourse
homme,non rembourse
homme,non rembourse
homme,non rembourse
homme,non rembourse
femme,non rembourse
homme,non rembourse
femme,non rembourse
homme,rembourse
homme,rembourse
femme,non rembourse
homme,rembourse
homme,rembourse
femme,non rembourse
femme,rembourse
homme,rembourse
femme,rembourse
homme,non rembourse
homme,non rembourse
femme,non rembourse
homme,non rembourse
femme,rembourse
femme,rembourse
homme,non rembourse
femme,non rembourse
homme,non rembourse
homme,non rembourse
femme,non rembourse
homme,non rembourse
homme,rembourse
homme,non rembourse
femme,rembourse
homme,non rembourse
homme,non rembourse
femme,non rembourse
homme,non rembourse
femme,non rembourse
homme,non rembourse
femme,non rembourse
femme,non rembourse
femme,non rembourse
homme,non rembourse
femme,non rembourse
femme,non rembourse
femme,non rembourse
femme,rembourse
